Instrument,Action,Quantity,Price,Time,ID,E/X,Position,Order ID,Name,Commission,Rate,Account display name,Connection,
MNQ 06-26,Sell,2,30326.75,5/28/2026 3:49:30 PM,516926281037_1,Exit,1 L,516926281037,Stop2,$0.00,1,LFE05067526360017,Lucid,
MNQ 06-26,Sell,2,30326.75,5/28/2026 3:49:30 PM,516926281043_1,Exit,3 L,516926281043,Stop3,$0.00,1,LFE05067526360017,Lucid,
MNQ 06-26,Sell,2,30329.00,5/28/2026 3:49:07 PM,516926281034_1,Exit,5 L,516926281034,Target1,$0.00,1,LFE05067526360017,Lucid,
MNQ 06-26,Buy,6,30322.75,5/28/2026 3:46:49 PM,516926281025_1,Entry,7 L,516926281025,Entry,$0.00,1,LFE05067526360017,Lucid,
MNQ 06-26,Sell,2,30290.25,5/28/2026 3:00:13 PM,f95d420d3c4248d5acfeb55f7b481dcb,Exit,-,6ab7f128791d4af58ca3eb37198f1a94,Stop3,$0.00,1,SimGZKHistory,Lucid,
MNQ 06-26,Sell,2,30290.25,5/28/2026 3:00:13 PM,17d52c68006a4584b638789e1a781d9c,Exit,2 L,68780a2e142d4db2baec17b3dfe29aec,Stop2,$0.00,1,SimGZKHistory,Lucid,
MNQ 06-26,Sell,2,30290.25,5/28/2026 3:00:13 PM,0496f9a7bdc242269d310812081c697a,Exit,4 L,b3765f1289034e40a7f630c6e99a17d5,Stop1,$0.00,1,SimGZKHistory,Lucid,
MNQ 06-26,Sell,2,30290.25,5/28/2026 3:00:12 PM,516926280983_1,Exit,1 L,516926280983,Stop1,$0.00,1,LFE05067526360017,Lucid,
MNQ 06-26,Sell,2,30290.25,5/28/2026 3:00:12 PM,516926280989_1,Exit,3 L,516926280989,Stop2,$0.00,1,LFE05067526360017,Lucid,
MNQ 06-26,Sell,2,30290.25,5/28/2026 3:00:12 PM,516926280995_1,Exit,5 L,516926280995,Stop3,$0.00,1,LFE05067526360017,Lucid,
MNQ 06-26,Buy,4,30315.50,5/28/2026 2:55:43 PM,50334a5c1eb94f78baf295d45ce722c1,Entry,6 L,d46ba9a15c0b4a43be496659e73c309e,Entry,$0.00,1,SimGZKHistory,Lucid,
MNQ 06-26,Buy,2,30315.25,5/28/2026 2:55:43 PM,a8e3545ac6674487b5b260972488fd8b,Entry,2 L,d46ba9a15c0b4a43be496659e73c309e,Entry,$0.00,1,SimGZKHistory,Lucid,
MNQ 06-26,Buy,6,30315.25,5/28/2026 2:55:43 PM,516926280977_1,Entry,7 L,516926280977,Entry,$0.00,1,LFE05067526360017,Lucid,
MNQ 06-26,Sell,2,30318.75,5/28/2026 1:41:25 PM,c973d3f80e574cdeb4d14e32d2149880,Exit,-,0fd72695ee8b446789f679cce25903da,Stop3,$1.70,1,Sim101,Lucid,
MNQ 06-26,Sell,2,30318.75,5/28/2026 1:41:25 PM,4a6ce478ea75479680e6e68cdd96fae1,Exit,2 L,3df3bdf7c6384143a41a844f431af471,Stop2,$1.70,1,Sim101,Lucid,
MNQ 06-26,Sell,1,30322.50,5/28/2026 1:41:22 PM,a5d1acfafc9547ef8825709af83f7aef,Exit,4 L,2250baa72c704a4e9ca033b5fa7f5c28,Target1,$0.85,1,Sim101,Lucid,
MNQ 06-26,Sell,1,30322.50,5/28/2026 1:41:22 PM,292193144ada4a32bc4c17bfa4ae6086,Exit,5 L,2250baa72c704a4e9ca033b5fa7f5c28,Target1,$0.85,1,Sim101,Lucid,
MNQ 06-26,Buy,4,30316.50,5/28/2026 1:41:15 PM,0d7d57781a1740838eeaba93ef0fb47d,Entry,6 L,6f6e4739644c4b9bbe17a83e2035155a,Entry,$3.40,1,Sim101,Lucid,
MNQ 06-26,Buy,2,30316.25,5/28/2026 1:41:15 PM,0a2f1a1583bf4b1299412f44b7b081ec,Entry,2 L,6f6e4739644c4b9bbe17a83e2035155a,Entry,$1.70,1,Sim101,Lucid,
MNQ 06-26,Sell,2,30183.25,5/28/2026 10:56:50 AM,842cb1d5a7ba499b8f7e1ed7ad063d90,Exit,-,c174e19aadfd437eafe6e710e54b1808,Target3,$1.70,1,Sim101,Lucid,
MNQ 06-26,Sell,2,30170.75,5/28/2026 10:53:24 AM,75798d6d9d0e4eedabc96edac15f1aed,Exit,2 L,9d804a9c3ea24fa18db88f3189a09332,Target2,$1.70,1,Sim101,Lucid,
MNQ 06-26,Sell,1,30164.50,5/28/2026 10:52:56 AM,6b0f248a7cf6491c9ce4cf289c59f264,Exit,4 L,18233f21bd5e45a7b3db37fa7478278d,Target1,$0.85,1,Sim101,Lucid,
MNQ 06-26,Sell,1,30164.50,5/28/2026 10:52:56 AM,71a47297513a40779aeebb7de8971739,Exit,5 L,18233f21bd5e45a7b3db37fa7478278d,Target1,$0.85,1,Sim101,Lucid,
MNQ 06-26,Buy,6,30158.25,5/28/2026 10:50:55 AM,dcca5771396c4e88882fd8aaa1634989,Entry,6 L,d9d996f410554d9fb7b8e2057cbd051d,Entry,$5.10,1,Sim101,Lucid,
MNQ 06-26,Sell,2,30145.50,5/28/2026 10:41:53 AM,6fd4955405c14d1c8a864b1a00c58891,Exit,-,e4309256f2a84427becf7b2e7b70d1a2,Stop3,$1.70,1,Sim101,Lucid,
MNQ 06-26,Sell,2,30155.50,5/28/2026 10:40:41 AM,0dee1d068f904e06ad7ae2b1f6a91ad3,Exit,2 L,d070967cc0514a759550776bdad3fe59,Target2,$1.70,1,Sim101,Lucid,
MNQ 06-26,Sell,2,30149.25,5/28/2026 10:40:35 AM,f07d08a41bc148f1b43e903add359792,Exit,4 L,699bef95238d498b9fd522d03a3793a7,Target1,$1.70,1,Sim101,Lucid,
MNQ 06-26,Buy,4,30143.25,5/28/2026 10:36:52 AM,a7fb5986557f409b8fe4487729fc65b4,Entry,6 L,ffc7497d1d1642ff8520b1d54e81c6e4,Entry,$3.40,1,Sim101,Lucid,
MNQ 06-26,Buy,2,30143.00,5/28/2026 10:36:52 AM,afee948821bb4ab0bf1eab81443541de,Entry,2 L,ffc7497d1d1642ff8520b1d54e81c6e4,Entry,$1.70,1,Sim101,Lucid,
MNQ 06-26,Buy,2,29995.25,5/28/2026 10:00:17 AM,70503acd2f54400eb6730ced5fcf303d,Exit,-,77f92d6cea4c41fd8ba7836d1de23bf8,Stop3,$1.70,1,Sim101,Lucid,
MNQ 06-26,Buy,2,29995.25,5/28/2026 10:00:17 AM,695cd73adaaa4bb6b072211fe803ca0a,Exit,2 S,51b9e06d7a6b41d6bb344d1f95315807,Stop2,$1.70,1,Sim101,Lucid,
MNQ 06-26,Buy,2,29995.25,5/28/2026 10:00:17 AM,b5b94f2ed4994c429cba8152a9b16ebe,Exit,4 S,c4e0d15412774e0b86a880c87d3098bf,Stop1,$1.70,1,Sim101,Lucid,
MNQ 06-26,Sell,2,29970.00,5/28/2026 9:58:55 AM,dd61b7666a6a419aaa364c91e2cc500c,Entry,6 S,7cd3c852fa2c4b5ab9863c0dbf424711,Entry,$1.70,1,Sim101,Lucid,
MNQ 06-26,Sell,4,29970.25,5/28/2026 9:58:55 AM,1038837ffc5d440cbc509ba23cf20180,Entry,4 S,7cd3c852fa2c4b5ab9863c0dbf424711,Entry,$3.40,1,Sim101,Lucid,
MNQ 06-26,Sell,1,29983.75,5/28/2026 9:58:07 AM,81f841dea44d476b8edcc4ce4ddc139c,Exit,-,cba70d826b974f34a48b286669afe66e,Stop3,$0.85,1,Sim101,Lucid,
MNQ 06-26,Sell,1,29984.00,5/28/2026 9:58:07 AM,4db58aa6cb624c6d9969f9558679dee6,Exit,1 L,cba70d826b974f34a48b286669afe66e,Stop3,$0.85,1,Sim101,Lucid,
MNQ 06-26,Sell,1,29994.00,5/28/2026 9:57:14 AM,bf38ee7b0ad04d88a4601cf776d11249,Exit,2 L,a0c2325f5095461f8b62d240b125d246,Target2,$0.85,1,Sim101,Lucid,
MNQ 06-26,Sell,1,29994.00,5/28/2026 9:57:14 AM,ee55d5242d3c406e9c8eda1181ef5be3,Exit,3 L,a0c2325f5095461f8b62d240b125d246,Target2,$0.85,1,Sim101,Lucid,
MNQ 06-26,Sell,1,29987.75,5/28/2026 9:57:05 AM,9ce33b5c16064854808eb5eecabc3a09,Exit,4 L,e55b81dd7aa049c5823fed92436eb4c9,Target1,$0.85,1,Sim101,Lucid,
MNQ 06-26,Sell,1,29987.75,5/28/2026 9:57:05 AM,de2ae9ae4e52410d84fc3e5131129863,Exit,5 L,e55b81dd7aa049c5823fed92436eb4c9,Target1,$0.85,1,Sim101,Lucid,
MNQ 06-26,Buy,6,29981.50,5/28/2026 9:56:53 AM,64680713620544e5b068c1a148013286,Entry,6 L,a74ec5a248294818b761ce9b072b681d,Entry,$5.10,1,Sim101,Lucid,
MNQ 06-26,Buy,2,29965.25,5/28/2026 9:55:15 AM,74d51a2b5d784d94b814a4c44ca9c55d,Exit,-,350cf2bb20594bcfbd93007e19bd40b9,Stop3,$1.70,1,Sim101,Lucid,
MNQ 06-26,Buy,1,29955.25,5/28/2026 9:54:30 AM,faed539073f44ccc91db763e9202483e,Exit,2 S,8cdf90c9d4fd40378224aadc23adee1b,Target2,$0.85,1,Sim101,Lucid,
MNQ 06-26,Buy,1,29955.25,5/28/2026 9:54:30 AM,380a020af889438aa07c5c891fbcbc7d,Exit,3 S,8cdf90c9d4fd40378224aadc23adee1b,Target2,$0.85,1,Sim101,Lucid,
MNQ 06-26,Buy,2,29961.50,5/28/2026 9:54:25 AM,fdc60dffaa9b4980884fd4306b9c651b,Exit,4 S,f24a3b8a941f4956b77d9803bdd8ad4e,Target1,$1.70,1,Sim101,Lucid,
MNQ 06-26,Sell,6,29967.75,5/28/2026 9:54:22 AM,5b21470090cd4492ac080fff07e29ef1,Entry,6 S,83434b370898460a9f51a075e46bafc0,Entry,$5.10,1,Sim101,Lucid,
MNQ 06-26,Buy,1,29958.25,5/28/2026 9:44:06 AM,c3ab652b9b5c4107bf8c88b3bcab49c7,Exit,-,b718e4de9df74429aa04fcb5afbbd19f,Stop3,$0.00,1,SimGZKHistory,Lucid,
MNQ 06-26,Buy,1,29958.00,5/28/2026 9:44:06 AM,36248b1bf7e6498c8b569f86e1c912e3,Exit,1 S,b718e4de9df74429aa04fcb5afbbd19f,Stop3,$0.00,1,SimGZKHistory,Lucid,
MNQ 06-26,Buy,1,29958.25,5/28/2026 9:44:06 AM,9fc0660d5d6140ca89b07e28b3e1d5dc,Exit,-,d59e3d6757da4204b7b312f8781feb99,Stop3,$0.85,1,Sim101,Lucid,
MNQ 06-26,Buy,1,29958.00,5/28/2026 9:44:06 AM,7588be4829264d64a5ac1cf57aca78e4,Exit,1 S,d59e3d6757da4204b7b312f8781feb99,Stop3,$0.85,1,Sim101,Lucid,
MNQ 06-26,Buy,2,29958.00,5/28/2026 9:44:06 AM,61dd41e549024e67b187de9a1efa0ad1,Exit,2 S,38c0f7c6a61e490892f9e1e35684987f,Stop2,$0.00,1,SimGZKHistory,Lucid,
MNQ 06-26,Buy,2,29958.00,5/28/2026 9:44:06 AM,992ae2d946704b6aac7e479c087ac7d9,Exit,2 S,0d91e1e7335443ac95996379d8b9b2d0,Stop2,$1.70,1,Sim101,Lucid,
MNQ 06-26,Buy,2,29954.25,5/28/2026 9:44:05 AM,d5394025231b48d58c479feeaf4abc8c,Exit,4 S,a0d10eb1369e4da7a9a4ecfd2f842ff2,Target1,$0.00,1,SimGZKHistory,Lucid,
MNQ 06-26,Buy,2,29954.25,5/28/2026 9:44:05 AM,896d5fce085047928cd09e183e1512ca,Exit,4 S,f90681edcaf24c83aed8ba6b6762c3c5,Target1,$1.70,1,Sim101,Lucid,
MNQ 06-26,Sell,6,29960.50,5/28/2026 9:44:03 AM,b31cbb86a7ef4122945e9b451d03485f,Entry,6 S,6ddd8788e38d43d3852bb954dd11bde8,Entry,$5.10,1,Sim101,Lucid,
MNQ 06-26,Sell,2,29960.25,5/28/2026 9:44:03 AM,56c72b371f904c01b1dc085882e83e4f,Entry,6 S,8b3ae9a53a3a4bd89a893794b00d6d1c,Entry,$0.00,1,SimGZKHistory,Lucid,
MNQ 06-26,Sell,4,29960.50,5/28/2026 9:44:03 AM,ee0f5cc85fab4409babbf419c615f434,Entry,4 S,8b3ae9a53a3a4bd89a893794b00d6d1c,Entry,$0.00,1,SimGZKHistory,Lucid,
MNQ 06-26,Buy,2,29992.50,5/28/2026 9:39:14 AM,95e93fde496047668f128c711f306eea,Exit,-,985d7726a2a04657b75d10be05b52366,Stop3,$1.70,1,Sim101,Lucid,
MNQ 06-26,Buy,1,29992.75,5/28/2026 9:39:14 AM,19853a03fbbe41328d73df6351ae7423,Exit,2 S,70a2cf8a17ab4ba191a4529967833b71,Stop2,$0.85,1,Sim101,Lucid,
MNQ 06-26,Buy,1,29992.50,5/28/2026 9:39:14 AM,48548dfe78324f29976226f9ba98b0ee,Exit,3 S,70a2cf8a17ab4ba191a4529967833b71,Stop2,$0.85,1,Sim101,Lucid,
MNQ 06-26,Buy,1,29988.75,5/28/2026 9:39:12 AM,c42918ae6183438e83d3504587e54d7c,Exit,4 S,d4549e918db44127a7067df6cfd52915,Target1,$0.85,1,Sim101,Lucid,
MNQ 06-26,Buy,1,29988.50,5/28/2026 9:39:12 AM,6bf9ff26171e4a409081f13f55910749,Exit,5 S,d4549e918db44127a7067df6cfd52915,Target1,$0.85,1,Sim101,Lucid,
MNQ 06-26,Sell,5,29994.75,5/28/2026 9:37:16 AM,b9a2a09077634379a42833637845ab39,Entry,6 S,a2be0610f11c4733ba607c67b973690a,Entry,$4.25,1,Sim101,Lucid,
MNQ 06-26,Sell,1,29995.00,5/28/2026 9:37:16 AM,c39fd3872a194ea49641716403591f2a,Entry,1 S,a2be0610f11c4733ba607c67b973690a,Entry,$0.85,1,Sim101,Lucid,
MNQ 06-26,Sell,2,30065.75,5/28/2026 9:30:01 AM,3dfe6d95b8d1480291031153736760b6,Exit,-,41e1994b23984d27982b9ce0fc83af6f,Stop3,$1.70,1,Sim101,Lucid,
MNQ 06-26,Sell,2,30065.75,5/28/2026 9:30:01 AM,31f8d2b39d734cf799ffc434b74c5360,Exit,2 L,efd489dcb4a6475797ad4bea8ead1ee6,Stop2,$1.70,1,Sim101,Lucid,
MNQ 06-26,Sell,2,30069.50,5/28/2026 9:30:00 AM,78defb7ab6ef4f6a8903602fcdfce957,Exit,4 L,3608b8e057b040049f7146f425fd417e,Target1,$1.70,1,Sim101,Lucid,
MNQ 06-26,Buy,4,30063.50,5/28/2026 9:26:21 AM,1901a6f3b98e4c1397e27a7863e41cbc,Entry,6 L,4b33ed2ab9cb4231a075be119355dd64,Entry,$3.40,1,Sim101,Lucid,
MNQ 06-26,Buy,2,30063.25,5/28/2026 9:26:21 AM,13e92deb5edf4cd6a3031dced71ce34e,Entry,2 L,4b33ed2ab9cb4231a075be119355dd64,Entry,$1.70,1,Sim101,Lucid,
MNQ 06-26,Sell,2,29965.50,5/28/2026 8:30:25 AM,88bf49ccb572436a8bd9602c50493a87,Exit,-,b3cda50625ab4a0e858413f2e80da90d,Stop3,$1.70,1,Sim101,Lucid,
MNQ 06-26,Sell,1,29975.50,5/28/2026 8:30:14 AM,e5fbc824ad054d358796ebb6557296a3,Exit,2 L,8fbdb94a7fb4449184948715cb1ad7b4,Target2,$0.85,1,Sim101,Lucid,
MNQ 06-26,Sell,1,29975.50,5/28/2026 8:30:14 AM,00c0a05a3a6048f0880871a7381cfb6a,Exit,3 L,8fbdb94a7fb4449184948715cb1ad7b4,Target2,$0.85,1,Sim101,Lucid,
MNQ 06-26,Sell,2,29969.25,5/28/2026 8:30:11 AM,3f566f9da09044c6b371b7e61688970c,Exit,4 L,849198a79e9341c0ab767754a1269296,Target1,$1.70,1,Sim101,Lucid,
MNQ 06-26,Buy,6,29963.00,5/28/2026 8:30:10 AM,5dd99ed003a34f05951d5af1ad4b35d0,Entry,6 L,2444d8639eca487c98a8523b875bfc82,Entry,$5.10,1,Sim101,Lucid,
MNQ 06-26,Buy,2,29902.75,5/28/2026 7:03:54 AM,bcb59519bc424d99b4c2bba12729a8cd,Exit,-,0acfb605ad6645ec959b31b1898dcd82,Stop3,$1.70,1,Sim101,Lucid,
MNQ 06-26,Buy,2,29902.75,5/28/2026 7:03:54 AM,169e34d4cf514262a99ba0dd9131d8b1,Exit,2 S,6b6f3a985de744b794ef80799793a7f5,Stop2,$1.70,1,Sim101,Lucid,
MNQ 06-26,Buy,1,29903.00,5/28/2026 7:03:54 AM,91308fc5ad384661b5c175607c185ed0,Exit,4 S,1100baa660b44a5d9cf4c7bfee1955f6,Stop1,$0.85,1,Sim101,Lucid,
MNQ 06-26,Buy,1,29902.75,5/28/2026 7:03:54 AM,56add92b4f6645e0bd9f156d2cfc0a88,Exit,5 S,1100baa660b44a5d9cf4c7bfee1955f6,Stop1,$0.85,1,Sim101,Lucid,
MNQ 06-26,Sell,5,29877.50,5/28/2026 6:58:24 AM,0c2843d0dace430b97bf032470218e9e,Entry,6 S,8b4e320f22124d2c8443141e8d79c487,Entry,$4.25,1,Sim101,Lucid,
MNQ 06-26,Sell,1,29877.75,5/28/2026 6:58:24 AM,fa0270d8b4aa4567b33aa5db82a01610,Entry,1 S,8b4e320f22124d2c8443141e8d79c487,Entry,$0.85,1,Sim101,Lucid,
MNQ 06-26,Sell,2,29951.25,5/28/2026 6:07:28 AM,3d73f80fce8a4b51845dbabfc6dadd65,Exit,-,9c147ffcae7a4318a1a983aceac5b1e8,Stop3,$1.70,1,Sim101,Lucid,
MNQ 06-26,Sell,2,29951.25,5/28/2026 6:07:28 AM,7564c6ca6fdd4a249829341ed29621f6,Exit,2 L,6c34cb84afba4c7081e54d1592bc11d7,Stop2,$1.70,1,Sim101,Lucid,
MNQ 06-26,Sell,2,29951.25,5/28/2026 6:07:28 AM,a3747049acff45dca2ce36c158820b9e,Exit,4 L,13c81b7f9d6c422fbb17c07b8cea0323,Stop1,$1.70,1,Sim101,Lucid,
MNQ 06-26,Buy,2,29976.50,5/28/2026 5:50:50 AM,c5c726f17e5d49bc80fb60bdadfc41a5,Entry,6 L,865c4b5eb3594a7ba4da74fcd87a164e,Entry,$1.70,1,Sim101,Lucid,
MNQ 06-26,Buy,4,29976.25,5/28/2026 5:50:50 AM,89617c2f115c432eab2070d816bcb62a,Entry,4 L,865c4b5eb3594a7ba4da74fcd87a164e,Entry,$3.40,1,Sim101,Lucid,
MNQ 06-26,Sell,2,29964.75,5/28/2026 4:27:28 AM,30f32b4a05914bc9957d507248c269a0,Exit,-,bbd8018784ad4b3dbb75e74fd834a261,Stop3,$1.70,1,Sim101,Lucid,
MNQ 06-26,Sell,2,29964.75,5/28/2026 4:27:28 AM,e0cca443095f41f4b9fe98d270bd596e,Exit,2 L,f325bf672de2490680e0f657f8f6e4ab,Stop2,$1.70,1,Sim101,Lucid,
MNQ 06-26,Sell,2,29964.75,5/28/2026 4:27:28 AM,a7d282020de14ad7b4194af0b25d7fd0,Exit,4 L,473eaa8bbf8549dc9f6ed226addbdeb3,Stop1,$1.70,1,Sim101,Lucid,
MNQ 06-26,Buy,4,29990.00,5/28/2026 4:22:54 AM,6d186f3c7c2e4402bc52c7faa4551b9f,Entry,6 L,c1008035996d4ef2a5051b89530ed1fe,Entry,$3.40,1,Sim101,Lucid,
MNQ 06-26,Buy,2,29989.75,5/28/2026 4:22:54 AM,abfa5fc1d7f546a2a1ce06893f18fa64,Entry,2 L,c1008035996d4ef2a5051b89530ed1fe,Entry,$1.70,1,Sim101,Lucid,
MNQ 06-26,Sell,1,29961.00,5/28/2026 4:00:10 AM,b49578d0484645fa8b4dc8c5898afa8c,Exit,-,2ba438fc20cc4ff4a1c2aa3f4a550440,Stop3,$0.85,1,Sim101,Lucid,
MNQ 06-26,Sell,1,29961.25,5/28/2026 4:00:10 AM,c1793876d5f34876a5687e2c3c162906,Exit,1 L,2ba438fc20cc4ff4a1c2aa3f4a550440,Stop3,$0.85,1,Sim101,Lucid,
MNQ 06-26,Sell,2,29961.25,5/28/2026 4:00:10 AM,10f259a3a9b2486b8122babb476b1cd7,Exit,2 L,7a1061b3fd264315bc2b5facb8efc41b,Stop2,$1.70,1,Sim101,Lucid,
MNQ 06-26,Sell,1,29965.00,5/28/2026 4:00:02 AM,524a882c59574f52b41110eb3a3fa67b,Exit,4 L,3bcfad17ed5c4000a414afb9be6f57ca,Target1,$0.85,1,Sim101,Lucid,
MNQ 06-26,Sell,1,29965.00,5/28/2026 4:00:02 AM,37f12b9cc2594b54a296e830b5de1870,Exit,5 L,3bcfad17ed5c4000a414afb9be6f57ca,Target1,$0.85,1,Sim101,Lucid,
MNQ 06-26,Buy,4,29959.00,5/28/2026 3:54:33 AM,6056e8544f3a4a28b1781d1933001113,Entry,6 L,872dbdb9bbf048b5ab0ec9f1de71e288,Entry,$3.40,1,Sim101,Lucid,
MNQ 06-26,Buy,2,29958.75,5/28/2026 3:54:33 AM,fea7898baa634971a04dd7a0e38ab03e,Entry,2 L,872dbdb9bbf048b5ab0ec9f1de71e288,Entry,$1.70,1,Sim101,Lucid,
MNQ 06-26,Buy,2,29786.00,5/28/2026 1:01:42 AM,289cbba352014b16b0f06e1abb3101ee,Exit,-,6b2dce3db8984622af34e049b5d79ca8,Stop3,$1.70,1,Sim101,Lucid,
MNQ 06-26,Buy,1,29775.75,5/28/2026 1:01:26 AM,c2e5c22ba2ea41cb98aa46436ca74a96,Exit,2 S,818f6656a1794bef9b6dd998f4b280dd,Target2,$0.85,1,Sim101,Lucid,
MNQ 06-26,Buy,1,29775.75,5/28/2026 1:01:26 AM,f408e298efff49029c1c832576279147,Exit,3 S,818f6656a1794bef9b6dd998f4b280dd,Target2,$0.85,1,Sim101,Lucid,
MNQ 06-26,Buy,2,29782.00,5/28/2026 12:48:40 AM,372226af102f4ff3980a420f71113ab0,Exit,4 S,ca7bd4d1225b48c48a2bd080a9c3715d,Target1,$1.70,1,Sim101,Lucid,
MNQ 06-26,Sell,3,29788.00,5/28/2026 12:45:49 AM,283e7563d9a347aa8098d2b49d659b9e,Entry,6 S,4279f510903e43d088efbdf939b3d1ce,Entry,$2.55,1,Sim101,Lucid,
MNQ 06-26,Sell,3,29788.25,5/28/2026 12:45:48 AM,0e9d223b90d542928579da1d923e8791,Entry,3 S,4279f510903e43d088efbdf939b3d1ce,Entry,$2.55,1,Sim101,Lucid,
MNQ 06-26,Buy,1,29765.50,5/28/2026 12:21:16 AM,9f01e83f0be64275aac5c0db9230393b,Exit,-,9a5397d9ec5f49bdb2a418459a0ff749,Target3,$0.85,1,Sim101,Lucid,
MNQ 06-26,Buy,1,29765.50,5/28/2026 12:21:16 AM,b6c9efb886f54d3e8a6705ab018ed8e9,Exit,1 S,9a5397d9ec5f49bdb2a418459a0ff749,Target3,$0.85,1,Sim101,Lucid,
MNQ 06-26,Buy,2,29778.00,5/28/2026 12:20:05 AM,c7e089f4d40c4f938271f724ed382e0e,Exit,2 S,0bd2ed579eeb444c97629d7312e08811,Target2,$1.70,1,Sim101,Lucid,
MNQ 06-26,Buy,2,29784.25,5/28/2026 12:20:02 AM,a72f780fa883413ca759e03c71a21c69,Exit,4 S,4fc24899c81f49a2bf46b2d837db2083,Target1,$1.70,1,Sim101,Lucid,
MNQ 06-26,Sell,1,29790.25,5/28/2026 12:15:07 AM,d94f913ca1ee428eb37b59259b032d7c,Entry,6 S,d42b95b0cd80421687b36412795b0fe6,Entry,$0.85,1,Sim101,Lucid,
MNQ 06-26,Sell,5,29790.50,5/28/2026 12:15:07 AM,e4b94ee495fc4ca2bad961ccfb93fb80,Entry,5 S,d42b95b0cd80421687b36412795b0fe6,Entry,$4.25,1,Sim101,Lucid,
MNQ 06-26,Buy,2,29777.00,5/28/2026 12:01:27 AM,b54e0788ed8d4bfb9dd508ceaf006fc6,Exit,-,b7c9e37ffa4e415986ce82d3fc90e49c,Target3,$1.70,1,Sim101,Lucid,
MNQ 06-26,Buy,1,29789.50,5/28/2026 12:01:17 AM,7555b139315d42ec8816d7b67d26b3e8,Exit,2 S,9b7c9cc38ec54abbab22d49c23a37d2e,Target2,$0.85,1,Sim101,Lucid,
MNQ 06-26,Buy,1,29789.50,5/28/2026 12:01:17 AM,6d4a519b25d0469c99f79c3fee63e986,Exit,3 S,9b7c9cc38ec54abbab22d49c23a37d2e,Target2,$0.85,1,Sim101,Lucid,
MNQ 06-26,Buy,1,29795.75,5/28/2026 12:01:17 AM,dd887a3ad9694c6a9104faeec044215f,Exit,4 S,01624b25fb2b4afe97a567dfc573b592,Target1,$0.85,1,Sim101,Lucid,
MNQ 06-26,Buy,1,29795.75,5/28/2026 12:01:17 AM,44df6bbad0934fb99ba474a3be1e6db4,Exit,5 S,01624b25fb2b4afe97a567dfc573b592,Target1,$0.85,1,Sim101,Lucid,
MNQ 06-26,Sell,5,29801.75,5/27/2026 11:56:56 PM,3ed90eadad1340ff867e0f6751ea6b3e,Entry,6 S,1f7718a422a04478b51edfeeddc3f91e,Entry,$4.25,1,Sim101,Lucid,
MNQ 06-26,Sell,1,29802.00,5/27/2026 11:56:56 PM,36d6fc994db94ccfba79ba2f8cf0c004,Entry,1 S,1f7718a422a04478b51edfeeddc3f91e,Entry,$0.85,1,Sim101,Lucid,
MNQ 06-26,Sell,1,30059.50,5/27/2026 9:25:35 PM,516926280946_1,Exit,1 L,516926280946,Stop2,$0.00,1,LFE05067526360017,Lucid,
MNQ 06-26,Sell,1,30059.50,5/27/2026 9:25:35 PM,516926280941_1,Exit,-,516926280941,Stop1,$0.00,1,LFE05067526360017,Lucid,
MNQ 06-26,Buy,2,30058.25,5/27/2026 9:23:25 PM,516926280935_1,Entry,2 L,516926280935,Entry,$0.00,1,LFE05067526360017,Lucid,
MNQ 06-26,Sell,2,30044.75,5/27/2026 9:21:52 PM,516926280905_1,Exit,4 L,516926280905,Stop3,$0.00,1,LFE05067526360017,Lucid,
MNQ 06-26,Sell,2,30044.75,5/27/2026 9:21:52 PM,516926280899_1,Exit,2 L,516926280899,Stop2,$0.00,1,LFE05067526360017,Lucid,
MNQ 06-26,Sell,2,30044.75,5/27/2026 9:21:52 PM,516926280893_1,Exit,-,516926280893,Stop1,$0.00,1,LFE05067526360017,Lucid,
MNQ 06-26,Buy,6,30072.00,5/27/2026 9:16:49 PM,516926280887_1,Entry,6 L,516926280887,Entry,$0.00,1,LFE05067526360017,Lucid,
MNQ 06-26,Buy,2,29981.75,5/27/2026 8:13:02 PM,516926280849_1,Exit,-,516926280849,Stop3,$0.00,1,LFE05067526360017,Lucid,
MNQ 06-26,Buy,2,29981.75,5/27/2026 8:13:02 PM,516926280843_1,Exit,2 S,516926280843,Stop2,$0.00,1,LFE05067526360017,Lucid,
MNQ 06-26,Buy,2,29978.00,5/27/2026 8:07:16 PM,516926280840_1,Exit,4 S,516926280840,Target1,$0.00,1,LFE05067526360017,Lucid,
MNQ 06-26,Sell,6,29984.25,5/27/2026 8:07:10 PM,516926280831_1,Entry,6 S,516926280831,Entry,$0.00,1,LFE05067526360017,Lucid,
MNQ 06-26,Buy,2,29990.50,5/27/2026 8:01:27 PM,516925801157_1,Exit,-,516925801157,,$0.00,1,LFE05067526360016,Lucid,
MNQ 06-26,Buy,2,29990.50,5/27/2026 8:01:27 PM,516925801151_1,Exit,2 S,516925801151,,$0.00,1,LFE05067526360016,Lucid,
MNQ 06-26,Buy,2,29990.50,5/27/2026 8:01:27 PM,516925801145_1,Exit,4 S,516925801145,,$0.00,1,LFE05067526360016,Lucid,
MNQ 06-26,Sell,6,29965.25,5/27/2026 8:00:00 PM,516925801139_1,Entry,6 S,516925801139,,$0.00,1,LFE05067526360016,Lucid,
